"","22、您对以下新型消费券模式的接受程度如何?（请选择您的偏好）—AI智能推荐券（根据您的消费习惯自动匹配优惠）","22、元宇宙虚拟商品券（可用于购买虚拟商品或游戏道具）","22、低碳环保商品专属券（适用于绿色消费、环保产品）","22、二手商品交易补贴券（鼓励二手交易、闲置流转）"
"22、您对以下新型消费券模式的接受程度如何?（请选择您的偏好）—AI智能推荐券（根据您的消费习惯自动匹配优惠）",1,0.602527701536135,0.681195694140514,0.577577847076609
"22、元宇宙虚拟商品券（可用于购买虚拟商品或游戏道具）",0.602527701536135,1,0.711278208952519,0.624726354899323
"22、低碳环保商品专属券（适用于绿色消费、环保产品）",0.681195694140514,0.711278208952519,1,0.71750042691863
"22、二手商品交易补贴券（鼓励二手交易、闲置流转）",0.577577847076609,0.624726354899323,0.71750042691863,1
