"cluster","n","AI","元宇宙","环保","二手","总分"
1,82,3.89756097560976,3.38536585365854,3.79024390243902,3.80975609756098,3.06707317073171
2,55,3.89756097560976,3.38536585365854,3.79024390243902,3.80975609756098,3.85454545454545
3,68,3.89756097560976,3.38536585365854,3.79024390243902,3.80975609756098,4.40073529411765
