"cluster","n","AI","元宇宙","环保","二手","总分"
1,85,3.46634615384615,3.32692307692308,3.44711538461538,3.47115384615385,3.17647058823529
2,32,3.46634615384615,3.32692307692308,3.44711538461538,3.47115384615385,1.59375
3,91,3.46634615384615,3.32692307692308,3.44711538461538,3.47115384615385,4.30769230769231
