"","vars","n","mean","sd","median","trimmed","mad","min","max","range","skew","kurtosis","se"
"22、您对以下新型消费券模式的接受程度如何?（请选择您的偏好）—AI智能推荐券（根据您的消费习惯自动匹配优惠）",1,208,3.46634615384615,1.13308697893008,4,3.57738095238095,1.4826,1,5,4,-0.759809893537053,0.0427739543299608,0.0785654461940956
"22、元宇宙虚拟商品券（可用于购买虚拟商品或游戏道具）",2,208,3.32692307692308,1.25449766833237,3,3.4047619047619,1.4826,1,5,4,-0.30871027194161,-0.828840282860268,0.0869837628485074
"22、低碳环保商品专属券（适用于绿色消费、环保产品）",3,208,3.44711538461538,1.16182903701868,4,3.55357142857143,1.4826,1,5,4,-0.700138770147742,-0.208407448482245,0.0805583493518039
"22、二手商品交易补贴券（鼓励二手交易、闲置流转）",4,208,3.47115384615385,1.18327091706572,4,3.57738095238095,1.4826,1,5,4,-0.514839154922707,-0.444347425005914,0.082045076235495
