"","20、您对新型消费券模式的接受程度（在对应分数下打 “√”，1 分为完全不接受，5 分为完全接受）—AI 智能推荐券（根据消费习惯自动匹配优惠）","20、元宇宙虚拟商品券（用于购买虚拟商品或游戏道具）","20、低碳环保商品专属券（适用于绿色消费、环保产品）","20、二手商品交易补贴券（鼓励二手交易、闲置流转）"
"20、您对新型消费券模式的接受程度（在对应分数下打 “√”，1 分为完全不接受，5 分为完全接受）—AI 智能推荐券（根据消费习惯自动匹配优惠）",1,0.222270273349163,0.385332461711242,0.486570418722042
"20、元宇宙虚拟商品券（用于购买虚拟商品或游戏道具）",0.222270273349163,1,0.253417276948026,0.369357640286964
"20、低碳环保商品专属券（适用于绿色消费、环保产品）",0.385332461711242,0.253417276948026,1,0.45787474999107
"20、二手商品交易补贴券（鼓励二手交易、闲置流转）",0.486570418722042,0.369357640286964,0.45787474999107,1
